"tbl","idx","stat"
"moz_places","moz_places_guid_uniqueindex","17 1"
"moz_places","moz_places_url_uniqueindex","17 1"
"moz_places","moz_places_lastvisitdateindex","17 5"
"moz_places","moz_places_frecencyindex","17 6"
"moz_places","moz_places_visitcount","17 9"
"moz_places","moz_places_hostindex","17 5"
"moz_places","moz_places_faviconindex","17 3"
"moz_bookmarks","moz_bookmarks_guid_uniqueindex","23 1"
"moz_bookmarks","moz_bookmarks_itemlastmodifiedindex","23 2 1"
"moz_bookmarks","moz_bookmarks_parentindex","23 4 1"
"moz_bookmarks","moz_bookmarks_itemindex","23 2 2"
"moz_historyvisits","moz_historyvisits_dateindex","3 1"
"moz_historyvisits","moz_historyvisits_fromindex","3 1"
"moz_historyvisits","moz_historyvisits_placedateindex","3 1 1"