"id","host","frecency","typed","prefix"
"1","mozilla.org","140","0","null"
"2","google.com","2000","1","null"
"3","craigslist.com","2000","1","null"
"4","craigslist.org","2000","0","null"
"5","geo.craigslist.org","-1","0","null"
"6","baltimore.craigslist.org","100","0","null"
"7","bitstamp.com","100","0","null"
"8","bitstamp.net","100","0","null"
"9","washingtondc.craigslist.org","100","0","null"
"10","coinbase.com","2000","1","null"
"11","gmail.com","2000","1","null"
"12","mail.google.com","2100","1","https://"
"13","accounts.google.com","100","0","null"
"14","accounts.youtube.com","-1","0","null"
"15","reddit.com","2000","1","null"
"16","blockchain.com","2000","1","null"
"17","blockchain.info","100","0","null"